,product_id,product_name,category_path,price
0,1001,Telefon Siemens Gigaset DA310,Telefony i akcesoria;Telefony stacjonarne,58.97
1,1002,Kyocera FS-1135MFP,Komputery;Drukarki i skanery;Biurowe urządzenia wielofunkcyjne,2048.5
2,1003,Kyocera FS-3640MFP,Komputery;Drukarki i skanery;Biurowe urządzenia wielofunkcyjne,7639.0
3,1004,Fallout 3 (Xbox 360),Gry i konsole;Gry na konsole;Gry Xbox 360,49.99
4,1005,Szalone Króliki Na żywo i w kolorze (Xbox 360),Gry i konsole;Gry na konsole;Gry Xbox 360,49.99
5,1006,Call of Duty 4 Modern Warfare (Xbox 360),Gry i konsole;Gry na konsole;Gry Xbox 360,59.9
6,1007,Dead Space 3 (Xbox 360),Gry i konsole;Gry na konsole;Gry Xbox 360,89.99
7,1008,Tom Clancy&#39;s Rainbow Six Vegas (Xbox 360),Gry i konsole;Gry na konsole;Gry Xbox 360,49.99
8,1009,Kinect Joy Ride (Xbox 360),Gry i konsole;Gry na konsole;Gry Xbox 360,69.0
9,1010,BioShock 2 (Xbox 360),Gry i konsole;Gry na konsole;Gry Xbox 360,89.99
10,1011,BioShock Infinite (Xbox 360),Gry i konsole;Gry na konsole;Gry Xbox 360,139.99
11,1012,Fallout New Vegas (Xbox 360),Gry i konsole;Gry na konsole;Gry Xbox 360,69.0
12,1013,LA Noire (Xbox 360),Gry i konsole;Gry na konsole;Gry Xbox 360,129.99
13,1014,Lego Batman 2 DC Super Heroes (Xbox 360),Gry i konsole;Gry na konsole;Gry Xbox 360,69.99
14,1015,Max Payne 3 (Xbox 360),Gry i konsole;Gry na konsole;Gry Xbox 360,89.99
15,1016,Rayman Origins (Xbox 360),Gry i konsole;Gry na konsole;Gry Xbox 360,69.0
16,1017,LCD Dell U2412M,Komputery;Monitory;Monitory LCD,399.0
17,1018,Gears of War 3 (Xbox 360),Gry i konsole;Gry na konsole;Gry Xbox 360,89.99
18,1019,GTA 4 (Xbox 360),Gry i konsole;Gry na konsole;Gry Xbox 360,109.99
19,1020,Dead Space 2 (Xbox 360),Gry i konsole;Gry na konsole;Gry Xbox 360,89.0
20,1021,Gears of War (Xbox 360),Gry i konsole;Gry na konsole;Gry Xbox 360,69.0
21,1022,Mass Effect 2 (Xbox 360),Gry i konsole;Gry na konsole;Gry Xbox 360,89.99
22,1023,Mass Effect 3 (Xbox 360),Gry i konsole;Gry na konsole;Gry Xbox 360,89.99
23,1024,Mortal Kombat (Xbox 360),Gry i konsole;Gry na konsole;Gry Xbox 360,89.99
24,1025,LCD BenQ GL2250,Komputery;Monitory;Monitory LCD,349.0
25,1026,Red Dead Redemption (Xbox 360),Gry i konsole;Gry na konsole;Gry Xbox 360,139.99
26,1027,Skate 3 (Xbox 360),Gry i konsole;Gry na konsole;Gry Xbox 360,56.0
27,1028,Sniper Ghost Warrior 2 (Xbox 360),Gry i konsole;Gry na konsole;Gry Xbox 360,39.0
28,1029,Tom Clancy&#39;s Rainbow Six Vegas 2 (Xbox 360),Gry i konsole;Gry na konsole;Gry Xbox 360,49.99
29,1030,LCD Iiyama B2280WSD,Komputery;Monitory;Monitory LCD,739.0
30,1031,Need for Speed Most Wanted (Xbox 360),Gry i konsole;Gry na konsole;Gry Xbox 360,79.9
31,1032,LCD Iiyama E2280WSD,Komputery;Monitory;Monitory LCD,688.78
32,1033,LCD Iiyama T1932MSC,Komputery;Monitory;Monitory LCD,3029.0
33,1034,LCD NEC EA223WM,Komputery;Monitory;Monitory LCD,1079.0
34,1035,Samsung Galaxy S III GT-i9300,Telefony i akcesoria;Telefony komórkowe,2199.9
35,1036,LCD Asus VK228H,Komputery;Monitory;Monitory LCD,639.0
36,1037,LCD Asus VK248H,Komputery;Monitory;Monitory LCD,799.0
37,1038,LCD Asus VK278Q,Komputery;Monitory;Monitory LCD,1117.01
38,1039,LCD Asus VS197D,Komputery;Monitory;Monitory LCD,269.0
39,1040,Crysis 2 (PS3),Gry i konsole;Gry na konsole;Gry PlayStation3,79.9
40,1041,Crysis 3 (PS3),Gry i konsole;Gry na konsole;Gry PlayStation3,79.9
41,1042,GTA 5 (PS3),Gry i konsole;Gry na konsole;Gry PlayStation3,129.0
42,1043,Fight Night Champion (PS3),Gry i konsole;Gry na konsole;Gry PlayStation3,109.0
43,1044,Assassin&#39;s Creed 3 (PS3),Gry i konsole;Gry na konsole;Gry PlayStation3,79.9
44,1045,Call of Duty Modern Warfare 2 (PS3),Gry i konsole;Gry na konsole;Gry PlayStation3,59.9
45,1046,LEGO Batman 2 DC Super Heroes (PS3),Gry i konsole;Gry na konsole;Gry PlayStation3,61.18
46,1047,Pirates of the Caribbean At World&#39;s End (PS3),Gry i konsole;Gry na konsole;Gry PlayStation3,89.9
47,1048,Gra o tron (PC),Gry i konsole;Gry komputerowe,63.49
48,1049,Max Payne 3 (PC),Gry i konsole;Gry komputerowe,17.9
49,1050,Bioshock 2 (PC),Gry i konsole;Gry komputerowe,37.9
50,1051,Spec Ops The Line (PC),Gry i konsole;Gry komputerowe,76.9
51,1052,Duke Nukem Forever (PC),Gry i konsole;Gry komputerowe,78.9
52,1053,Anno 2070 (PC),Gry i konsole;Gry komputerowe,42.9
53,1054,Call of Duty 2 (PC),Gry i konsole;Gry komputerowe,32.99
54,1055,Call of Duty Modern Warfare 3 (PC),Gry i konsole;Gry komputerowe,32.99
55,1056,Call of Duty Black Ops (PC),Gry i konsole;Gry komputerowe,29.99
56,1057,Doom 3 (PC),Gry i konsole;Gry komputerowe,19.99
57,1058,Angry Birds Classic (PC),Gry i konsole;Gry komputerowe,24.99
58,1059,Auta 2 (PC),Gry i konsole;Gry komputerowe,22.9
59,1060,Wiedźmin 2 Zabójcy królów (PC),Gry i konsole;Gry komputerowe,34.99
60,1061,Warhammer 40.000 Dawn of War (PC),Gry i konsole;Gry komputerowe,10.99
61,1062,Ridge Racer Unbounded (PC),Gry i konsole;Gry komputerowe,36.99
62,1063,Air Conflicts (PC),Gry i konsole;Gry komputerowe,75.99
63,1064,LCD BenQ GL2250HM,Komputery;Monitory;Monitory LCD,380.9
64,1065,LCD Asus PA248Q,Komputery;Monitory;Monitory LCD,1419.0
65,1066,LCD Iiyama T1931SR,Komputery;Monitory;Monitory LCD,2065.0
66,1067,Nokia 3310,Telefony i akcesoria;Telefony komórkowe,207.33
67,1068,LCD NEC EA223WMe,Komputery;Monitory;Monitory LCD,999.0
68,1069,LCD NEC EA224WMi,Komputery;Monitory;Monitory LCD,979.0
69,1070,LCD Philips 241S4LCB,Komputery;Monitory;Monitory LCD,609.0
70,1071,LCD Philips 241B4LPYCB,Komputery;Monitory;Monitory LCD,689.0
71,1072,Jabra Freeway,Telefony i akcesoria;Akcesoria telefoniczne;Zestawy głośnomówiące,299.0
72,1073,Jabra Drive,Telefony i akcesoria;Akcesoria telefoniczne;Zestawy głośnomówiące,129.0
73,1074,Gembird BTCC-002,Telefony i akcesoria;Akcesoria telefoniczne;Zestawy głośnomówiące,86.28
74,1075,Ricoh SG3110DN,Komputery;Drukarki i skanery;Biurowe urządzenia wielofunkcyjne,1998.14
75,1076,Samsung CLX-6260FR ### Gadżety Samsung ### Eksploatacja -10% ### Negocjuj Cenę ### Raty ### Szybkie Płatności ### Szybka Wysyłka,Komputery;Drukarki i skanery;Biurowe urządzenia wielofunkcyjne,2399.0
76,1077,Kyocera FS-C2026MFP,Komputery;Drukarki i skanery;Biurowe urządzenia wielofunkcyjne,3777.0
77,1078,Kyocera FS-3540MFP,Komputery;Drukarki i skanery;Biurowe urządzenia wielofunkcyjne,5126.0
78,1079,Kyocera FS-3040MFP,Komputery;Drukarki i skanery;Biurowe urządzenia wielofunkcyjne,4598.0
79,1080,Kyocera FS-3140MFP,Komputery;Drukarki i skanery;Biurowe urządzenia wielofunkcyjne,5301.9
80,1081,OKI B840dn,Komputery;Drukarki i skanery;Biurowe urządzenia wielofunkcyjne,5259.0
81,1082,Total War Shogun 2 (PC),Gry i konsole;Gry komputerowe,34.99
82,1083,MAJESTY ANTOLOGIA (PC),Gry i konsole;Gry komputerowe,8.99
83,1084,Sing It High School Musical 3 (PS3),Gry i konsole;Gry na konsole;Gry PlayStation3,99.99
84,1085,Dishonored (PC),Gry i konsole;Gry komputerowe,34.99
85,1086,Disney Universe (PC),Gry i konsole;Gry komputerowe,24.9
86,1087,Fallout 3 (PC),Gry i konsole;Gry komputerowe,34.99
87,1088,Fallout New Vegas (PC),Gry i konsole;Gry komputerowe,32.99
88,1089,Rayman Origins (PC),Gry i konsole;Gry komputerowe,37.9
89,1090,Władca Pierścieni Wojna Na Północy (PC),Gry i konsole;Gry komputerowe,33.99
90,1091,Borderlands (PC),Gry i konsole;Gry komputerowe,118.9
91,1092,Company of Heroes (PC),Gry i konsole;Gry komputerowe,34.99
92,1093,Company of Heroes 2 (PC),Gry i konsole;Gry komputerowe,34.99
93,1094,Hospital Tycoon (PC),Gry i konsole;Gry komputerowe,17.99
94,1095,Twierdza 2 (PC),Gry i konsole;Gry komputerowe,34.99
95,1096,Bionic Commando (PC),Gry i konsole;Gry komputerowe,36.99
96,1097,Company of Heroes Tales of Valor (PC),Gry i konsole;Gry komputerowe,49.99
97,1098,DIRT 3 (PC),Gry i konsole;Gry komputerowe,16.9
98,1099,Resident Evil 5 (PC),Gry i konsole;Gry komputerowe,75.0
99,1100,Cities in Motion (PC),Gry i konsole;Gry komputerowe,4.99
100,1101,Dragonshard (PC),Gry i konsole;Gry komputerowe,3.0
101,1102,Dream Pinball 3D (PC),Gry i konsole;Gry komputerowe,4.9
102,1103,Symulator Śmieciarki (PC),Gry i konsole;Gry komputerowe,49.9
103,1104,Anomaly Warzone Earth (PC),Gry i konsole;Gry komputerowe,37.99
104,1105,Battlefield 3 Close Quarters (PC),Gry i konsole;Gry komputerowe,10.9
105,1106,Overlord (PC),Gry i konsole;Gry komputerowe,17.99
106,1107,Rise of the Argonauts (PC),Gry i konsole;Gry komputerowe,34.99
107,1108,Dead Space 2 (PC),Gry i konsole;Gry komputerowe,28.9
108,1109,Batman Arkham Asylum (PC),Gry i konsole;Gry komputerowe,33.99
109,1110,Bioshock (PC),Gry i konsole;Gry komputerowe,82.9
110,1111,Battlefield Bad Company 2 (PC),Gry i konsole;Gry komputerowe,32.9
111,1112,Singularity (PC),Gry i konsole;Gry komputerowe,8.9
112,1113,Borderlands 2 (PC),Gry i konsole;Gry komputerowe,16.9
113,1114,Brink (PC),Gry i konsole;Gry komputerowe,32.99
114,1115,Napoleon Total War (PC),Gry i konsole;Gry komputerowe,34.99
115,1116,Call of Duty 4 Modern Warfare (PC),Gry i konsole;Gry komputerowe,45.9
116,1117,Sonic Generations (PC),Gry i konsole;Gry komputerowe,79.99
117,1118,Sniper Ghost Warrior (PC),Gry i konsole;Gry komputerowe,14.9
118,1119,Civilization 5 Bogowie i Królowie (PC),Gry i konsole;Gry komputerowe,78.0
119,1120,Civilization 4 Warlords (PC),Gry i konsole;Gry komputerowe,20.9
120,1121,Battlefield 3 Powrót do Karkand (PC),Gry i konsole;Gry komputerowe,29.99
121,1122,Dead Rising 2 (PC),Gry i konsole;Gry komputerowe,73.0
122,1123,Deep Black Reloaded (PC),Gry i konsole;Gry komputerowe,132.9
123,1124,Devil May Cry 4 (PC),Gry i konsole;Gry komputerowe,94.0
124,1125,Diablo 3 (PC),Gry i konsole;Gry komputerowe,69.9
125,1126,The Sims 3 Pokolenia (PC),Gry i konsole;Gry komputerowe,99.99
126,1127,Dark Void (PC),Gry i konsole;Gry komputerowe,41.0
127,1128,Anarchy Reigns (Xbox 360),Gry i konsole;Gry na konsole;Gry Xbox 360,14.99
128,1129,Battlefield Bad Company 2 (Xbox 360),Gry i konsole;Gry na konsole;Gry Xbox 360,89.99
129,1130,Tom Clancy&#39;s Ghost Recon 4 Future Soldier (Xbox 360),Gry i konsole;Gry na konsole;Gry Xbox 360,49.99
130,1131,The Elder Scrolls 5 Skyrim (PC),Gry i konsole;Gry komputerowe,34.99
131,1132,A New Beginning (PC),Gry i konsole;Gry komputerowe,4.99
132,1133,Symulator Agrar 2012 (PC),Gry i konsole;Gry komputerowe,19.99
133,1134,Air Conflicts Secret Wars (PC),Gry i konsole;Gry komputerowe,38.99
134,1135,Bioshock Infinite (PC),Gry i konsole;Gry komputerowe,18.9
135,1136,Just Cause (PC),Gry i konsole;Gry komputerowe,199.9
136,1137,Death Track Resurrection (PC),Gry i konsole;Gry komputerowe,11.9
137,1138,Dead Rising 2 Off the Record (PC),Gry i konsole;Gry komputerowe,47.79
138,1139,F1 2012 (PC),Gry i konsole;Gry komputerowe,71.99
139,1140,Euro Truck Simulator 2 (PC),Gry i konsole;Gry komputerowe,12.99
140,1141,Król Futbolu Piłkarski Quiz (PC),Gry i konsole;Gry komputerowe,1.0
141,1142,Toy Story Mania (PC),Gry i konsole;Gry komputerowe,23.9
142,1143,GTR Evolution (PC),Gry i konsole;Gry komputerowe,25.49
143,1144,Street Fighter 4 (PC),Gry i konsole;Gry komputerowe,1.99
144,1145,Sniper Elite V2 (PC),Gry i konsole;Gry komputerowe,31.9
145,1146,Tropico 3 (PC),Gry i konsole;Gry komputerowe,24.9
146,1147,Kurczak Mały (PC),Gry i konsole;Gry komputerowe,19.99
147,1148,Iniemamocni (PC),Gry i konsole;Gry komputerowe,169.0
148,1149,Medal of Honor Warfighter (PC),Gry i konsole;Gry komputerowe,56.9
149,1150,LEGO Piraci z Karaibów (PC),Gry i konsole;Gry komputerowe,25.9
150,1151,Mafia 2 (PC),Gry i konsole;Gry komputerowe,11.9
151,1152,Mortal Kombat Komplete (PC),Gry i konsole;Gry komputerowe,32.99
152,1153,Symulator Policji (PC),Gry i konsole;Gry komputerowe,37.91
153,1154,Civilization 4 (PC),Gry i konsole;Gry komputerowe,40.9
154,1155,The Sims 3 Kariera (PC),Gry i konsole;Gry komputerowe,31.9
155,1156,Rig&#39;n&#39;Roll Tirowiec (PC),Gry i konsole;Gry komputerowe,4.99
156,1157,The Elder Scrolls 4 Oblivion (PC),Gry i konsole;Gry komputerowe,34.99
157,1158,Lego Star Wars The Complete Saga (PC),Gry i konsole;Gry komputerowe,36.9
158,1159,The Darkness 2 (PC),Gry i konsole;Gry komputerowe,121.9
159,1160,Street Racing Syndicate (PC),Gry i konsole;Gry komputerowe,11.9
160,1161,XCOM Enemy Unknown (PC),Gry i konsole;Gry komputerowe,18.9
161,1162,Total War Shogun (PC),Gry i konsole;Gry komputerowe,30.9
162,1163,Trucks &amp; Trailers (PC),Gry i konsole;Gry komputerowe,17.99
163,1164,Aliens Colonial Marines (PC),Gry i konsole;Gry komputerowe,112.99
164,1165,Gdzie jest Nemo (PC),Gry i konsole;Gry komputerowe,19.99
165,1166,Empire Total War (PC),Gry i konsole;Gry komputerowe,96.99
166,1167,Aliens vs Predator (PC),Gry i konsole;Gry komputerowe,91.99
167,1168,Angry Birds Space (PC),Gry i konsole;Gry komputerowe,24.99
168,1169,Bus Driver (PC),Gry i konsole;Gry komputerowe,9.99
169,1170,Symulator Kamieniołomu (PC),Gry i konsole;Gry komputerowe,4.99
170,1171,Race Driver Grid (PC),Gry i konsole;Gry komputerowe,142.99
171,1172,Silent Hunter 5 Bitwa o Atlantyk (PC),Gry i konsole;Gry komputerowe,31.9
172,1173,The Sims 3 Wymarzone Podróże (PC),Gry i konsole;Gry komputerowe,34.9
173,1174,Euro Truck Simulator (PC),Gry i konsole;Gry komputerowe,8.99
174,1175,Europa Universalis 3 (PC),Gry i konsole;Gry komputerowe,122.99
175,1176,The Sims 3 Nowoczesny Apartament (PC),Gry i konsole;Gry komputerowe,27.9
176,1177,Twierdza 3 (PC),Gry i konsole;Gry komputerowe,34.99
177,1178,King&#39;s Bounty Nowe Światy (PC),Gry i konsole;Gry komputerowe,9.99
178,1179,Symulator Kopalni (PC),Gry i konsole;Gry komputerowe,14.99
179,1180,Split/Second (PC),Gry i konsole;Gry komputerowe,24.9
180,1181,Still Life (PC),Gry i konsole;Gry komputerowe,24.9
181,1182,Battlefield 3 (PC),Gry i konsole;Gry komputerowe,36.9
182,1183,GTA San Andreas (PC),Gry i konsole;Gry komputerowe,40.9
183,1184,Men of War Oddział Szturmowy (PC),Gry i konsole;Gry komputerowe,4.99
184,1185,Homefront (PC),Gry i konsole;Gry komputerowe,12.9
185,1186,Symulator Budowy Mostów (PC),Gry i konsole;Gry komputerowe,18.24
186,1187,Symulator Czołgu (PC),Gry i konsole;Gry komputerowe,13.0
187,1188,Star Wars Battlefront 2 (PC),Gry i konsole;Gry komputerowe,55.0
188,1189,Star Wars Jedi Knight 2 Jedi Outcast (PC),Gry i konsole;Gry komputerowe,17.9
189,1190,Star Wars The Force Unleashed 2 (PC),Gry i konsole;Gry komputerowe,70.9
190,1191,Red Faction Guerrilla (PC),Gry i konsole;Gry komputerowe,19.99
191,1192,GTA Trylogia (PC),Gry i konsole;Gry komputerowe,76.9
192,1193,Heroes Over Europe (PC),Gry i konsole;Gry komputerowe,1.0
193,1194,Operation Flashpoint Dragon Rising (PC),Gry i konsole;Gry komputerowe,34.99
194,1195,Titan Quest (PC),Gry i konsole;Gry komputerowe,38.9
195,1196,Worms Reloaded (PC),Gry i konsole;Gry komputerowe,46.99
196,1197,Hearts of Iron 3 (PC),Gry i konsole;Gry komputerowe,15.99
197,1198,Tropico 4 (PC),Gry i konsole;Gry komputerowe,16.9
198,1199,GTA 5 (PC),Gry i konsole;Gry komputerowe,63.9
199,1200,Star Wars Knights of the Old Republic (PC),Gry i konsole;Gry komputerowe,23.9
200,1201,Jabra Speak 410,Telefony i akcesoria;Akcesoria telefoniczne;Zestawy głośnomówiące,327.47
201,1202,Final Fantasy 14 (PC),Gry i konsole;Gry komputerowe,135.9
202,1203,LEGO Batman 2 DC Super Heroes (PC),Gry i konsole;Gry komputerowe,29.99
203,1204,Prosiaczek i Przyjaciele (PC),Gry i konsole;Gry komputerowe,19.99
204,1205,Return to Mysterious Island (PC),Gry i konsole;Gry komputerowe,23.9
205,1206,Hearts of Iron 2 (PC),Gry i konsole;Gry komputerowe,3.59
206,1207,LEGO Batman (PC),Gry i konsole;Gry komputerowe,24.99
207,1208,Mapeciątka podróżują (PC),Gry i konsole;Gry komputerowe,13.79
208,1209,Mapeciątka zdobywają wiedzę (PC),Gry i konsole;Gry komputerowe,15.47
209,1210,Mass Effect 2 (PC),Gry i konsole;Gry komputerowe,33.9
210,1211,Need for Speed Shift 2 Unleashed (PC),Gry i konsole;Gry komputerowe,27.9
211,1212,Arma 3 (PC),Gry i konsole;Gry komputerowe,102.9
212,1213,Symulator Zamiatarki ulic (PC),Gry i konsole;Gry komputerowe,5.0
213,1214,Call of Cthulhu Mroczne zakamarki Świata (PC),Gry i konsole;Gry komputerowe,18.99
214,1215,Patrician 4 (PC),Gry i konsole;Gry komputerowe,34.9
215,1216,Damnation (PC),Gry i konsole;Gry komputerowe,34.99
216,1217,Hitman Krwawa Forsa (PC),Gry i konsole;Gry komputerowe,19.9
217,1218,LEGO Władca Pierścieni (PC),Gry i konsole;Gry komputerowe,39.99
218,1219,Overlord 2 (PC),Gry i konsole;Gry komputerowe,34.99
219,1220,SimCity (PC),Gry i konsole;Gry komputerowe,24.9
220,1221,The Sims 3 Cztery Pory Roku (PC),Gry i konsole;Gry komputerowe,31.9
221,1222,Parrot Minikit NEO,Telefony i akcesoria;Akcesoria telefoniczne;Zestawy głośnomówiące,245.0
222,1223,Call of Duty Black Ops 2 (PC),Gry i konsole;Gry komputerowe,32.99
223,1224,Call of Juarez Więzy Krwi (PC),Gry i konsole;Gry komputerowe,39.9
224,1225,Tygrysek i Uczta Kubusia (PC),Gry i konsole;Gry komputerowe,30.0
225,1226,Supreme Commander (PC),Gry i konsole;Gry komputerowe,41.9
226,1227,Karaoke Hity Disco Polo (PC),Gry i konsole;Gry komputerowe,24.99
227,1228,Lego Harry Potter Lata 1-4 (PC),Gry i konsole;Gry komputerowe,24.99
228,1229,Symulator Prac Leśnych (PC),Gry i konsole;Gry komputerowe,35.0
229,1230,Symulator Robót Drogowych (PC),Gry i konsole;Gry komputerowe,47.7
230,1231,Symulator Transportu Kolejowego (PC),Gry i konsole;Gry komputerowe,18.24
231,1232,Symulator Prac Górniczych (PC),Gry i konsole;Gry komputerowe,18.24
232,1233,Manta DVD064,Sprzęt RTV;Video;Odtwarzacze DVD,109.0
233,1234,Sony DVP-SR760,Sprzęt RTV;Video;Odtwarzacze DVD,193.0
234,1235,Baldur&#39;s Gate (PC),Gry i konsole;Gry komputerowe,34.99
235,1236,Avencast Rise of the Mage (PC),Gry i konsole;Gry komputerowe,31.99
236,1237,Race Injection (PC),Gry i konsole;Gry komputerowe,35.99
237,1238,Lego Harry Potter Lata 5-7 (PC),Gry i konsole;Gry komputerowe,34.99
238,1239,Civilization 3 (PC),Gry i konsole;Gry komputerowe,20.9
239,1240,PREY (PC),Gry i konsole;Gry komputerowe,19.9
240,1241,Scania Truck Driving Simulator (PC),Gry i konsole;Gry komputerowe,27.99
241,1242,Karaoke Dziecięce Przeboje (PC),Gry i konsole;Gry komputerowe,62.48
242,1243,KULT HERETIC KINGDOMS (PC),Gry i konsole;Gry komputerowe,19.99
243,1244,Hard Reset (PC),Gry i konsole;Gry komputerowe,9.99
244,1245,Warhammer 40.000 Dawn of War 2 (PC),Gry i konsole;Gry komputerowe,34.99
245,1246,Quake 4 (PC),Gry i konsole;Gry komputerowe,33.99
246,1247,Star Wars The Force Unleashed (PC),Gry i konsole;Gry komputerowe,63.99
247,1248,GTA Vice City (PC),Gry i konsole;Gry komputerowe,40.9
248,1249,King&#39;s Bounty Wojownicza Księżniczka (PC),Gry i konsole;Gry komputerowe,39.99
249,1250,Port Royale 3 (PC),Gry i konsole;Gry komputerowe,23.9
250,1251,Kane &amp; Lynch 2 (PC),Gry i konsole;Gry komputerowe,15.9
251,1252,Two Worlds 2 (PC),Gry i konsole;Gry komputerowe,12.9
252,1253,The Club (PC),Gry i konsole;Gry komputerowe,39.9
253,1254,Warhammer 40.000 Dawn of War Winter Assault (PC),Gry i konsole;Gry komputerowe,55.9
254,1255,Auta (PC),Gry i konsole;Gry komputerowe,32.9
255,1256,Call of Juarez (PC),Gry i konsole;Gry komputerowe,36.99
256,1257,Mad Riders (PC),Gry i konsole;Gry komputerowe,9.9
257,1258,Rage (PC),Gry i konsole;Gry komputerowe,13.99
258,1259,Rocksmith (PC),Gry i konsole;Gry komputerowe,73.9
259,1260,Sleeping Dogs (PC),Gry i konsole;Gry komputerowe,74.9
260,1261,Symulator Maszyn Budowlanych (PC),Gry i konsole;Gry komputerowe,9.99
261,1262,Darksiders 2 (PC),Gry i konsole;Gry komputerowe,14.99
262,1263,Medieval 2 Total War (PC),Gry i konsole;Gry komputerowe,34.99
263,1264,GunMetal (PC),Gry i konsole;Gry komputerowe,11.9
264,1265,King&#39;s Bounty Legenda (PC),Gry i konsole;Gry komputerowe,26.99
265,1266,LA Noire (PC),Gry i konsole;Gry komputerowe,47.9
266,1267,Star Wars Knights of the Old Republic 2 (PC),Gry i konsole;Gry komputerowe,23.9
267,1268,S.T.A.L.K.E.R. Cień Czarnobyla (PC),Gry i konsole;Gry komputerowe,25.9
268,1269,Space Hack (PC),Gry i konsole;Gry komputerowe,19.99
269,1270,Warhammer 40.000 Space Marine (PC),Gry i konsole;Gry komputerowe,7.9
270,1271,Watch Dogs (PC),Gry i konsole;Gry komputerowe,189.0
271,1272,The Ball (PC),Gry i konsole;Gry komputerowe,1.0
272,1273,The Lost Crown (PC),Gry i konsole;Gry komputerowe,29.9
273,1274,The Sims 3 Zwierzaki (PC),Gry i konsole;Gry komputerowe,27.9
274,1275,Rome Total War (PC),Gry i konsole;Gry komputerowe,54.9
275,1276,Apple iPad mini 64GB,Komputery;Tablety i akcesoria;Tablety,1816.97
276,1277,Apple iPad mini 64GB 4G,Komputery;Tablety i akcesoria;Tablety,2317.02
277,1278,Intenso Music Walker 8GB,Sprzęt RTV;Przenośne audio i video;Odtwarzacze mp3 i mp4,78.9
278,1279,Assassin&#39;s Creed 3 (Xbox 360),Gry i konsole;Gry na konsole;Gry Xbox 360,49.99
279,1280,Kinectimals Now with Bears (Xbox 360),Gry i konsole;Gry na konsole;Gry Xbox 360,89.0
280,1281,Manta MM266,Sprzęt RTV;Przenośne audio i video;Odtwarzacze mp3 i mp4,64.8
281,1282,Kinect Sports Sezon 2 (Xbox 360),Gry i konsole;Gry na konsole;Gry Xbox 360,89.99
282,1283,Okulary 3D PHILIPS PTA436/00,Sprzęt RTV;Video;Telewizory i akcesoria;Okulary 3D,99.99
283,1284,Opticum AX-900,Sprzęt RTV;Video;Telewizory i akcesoria;Anteny RTV,49.9
284,1285,Opticum AX-800,Sprzęt RTV;Video;Telewizory i akcesoria;Anteny RTV,82.99
285,1286,Opticum AX-1000,Sprzęt RTV;Video;Telewizory i akcesoria;Anteny RTV,59.99
286,1287,Philips SDV6226,Sprzęt RTV;Video;Telewizory i akcesoria;Anteny RTV,129.0
287,1288,Philips SDV5100,Sprzęt RTV;Video;Telewizory i akcesoria;Anteny RTV,119.0
288,1289,Philips SDV5225,Sprzęt RTV;Video;Telewizory i akcesoria;Anteny RTV,129.0
289,1290,Philips SDV5120,Sprzęt RTV;Video;Telewizory i akcesoria;Anteny RTV,169.0
290,1291,Philips SDV6224,Sprzęt RTV;Video;Telewizory i akcesoria;Anteny RTV,168.79
291,1292,Philips SDV8622,Sprzęt RTV;Video;Telewizory i akcesoria;Anteny RTV,189.0
292,1293,Hama 44292,Sprzęt RTV;Video;Telewizory i akcesoria;Anteny RTV,44.99
293,1294,Sencor SDA-500,Sprzęt RTV;Video;Telewizory i akcesoria;Anteny RTV,112.28
294,1295,Sencor SDA-600,Sprzęt RTV;Video;Telewizory i akcesoria;Anteny RTV,69.99
295,1296,Sencor SDA-630,Sprzęt RTV;Video;Telewizory i akcesoria;Anteny RTV,89.99
296,1297,Telmor DSP-860,Sprzęt RTV;Video;Telewizory i akcesoria;Anteny RTV,119.0
297,1298,Thomson ANT1410,Sprzęt RTV;Video;Telewizory i akcesoria;Anteny RTV,219.0
298,1299,Vivanco TVA 301,Sprzęt RTV;Video;Telewizory i akcesoria;Anteny RTV,109.0
299,1300,Vivanco TVA 501,Sprzęt RTV;Video;Telewizory i akcesoria;Anteny RTV,169.0
300,1301,Vivanco TVA 400,Sprzęt RTV;Video;Telewizory i akcesoria;Anteny RTV,149.0
301,1302,Vivanco TVA 500,Sprzęt RTV;Video;Telewizory i akcesoria;Anteny RTV,135.0
302,1303,Wiwa AN 220,Sprzęt RTV;Video;Telewizory i akcesoria;Anteny RTV,59.99
303,1304,Wiwa AN 200,Sprzęt RTV;Video;Telewizory i akcesoria;Anteny RTV,29.99
304,1305,One For All SV 9360,Sprzęt RTV;Video;Telewizory i akcesoria;Anteny RTV,111.99
305,1306,One For All SV 9215,Sprzęt RTV;Video;Telewizory i akcesoria;Anteny RTV,79.99
306,1307,One For All SV 9033,Sprzęt RTV;Video;Telewizory i akcesoria;Anteny RTV,59.99
307,1308,One For All SV 9143,Sprzęt RTV;Video;Telewizory i akcesoria;Anteny RTV,99.99
308,1309,One For All SV 9323,Sprzęt RTV;Video;Telewizory i akcesoria;Anteny RTV,94.53
309,1310,One For All SV 9125,Sprzęt RTV;Video;Telewizory i akcesoria;Anteny RTV,79.99
310,1311,One For All SV 9345,Sprzęt RTV;Video;Telewizory i akcesoria;Anteny RTV,189.99
311,1312,One For All SV 9335,Sprzęt RTV;Video;Telewizory i akcesoria;Anteny RTV,99.9
312,1313,Evolveo SHARK,Sprzęt RTV;Video;Telewizory i akcesoria;Anteny RTV,103.0
313,1314,Assassin&#39;s Creed (Xbox 360),Gry i konsole;Gry na konsole;Gry Xbox 360,49.99
314,1315,Jabra Talk,Telefony i akcesoria;Akcesoria telefoniczne;Zestawy słuchawkowe,54.99
315,1316,Plantronics Voyager Legend,Telefony i akcesoria;Akcesoria telefoniczne;Zestawy słuchawkowe,249.0
316,1317,Plantronics Savi W740,Telefony i akcesoria;Akcesoria telefoniczne;Zestawy słuchawkowe,1303.96
317,1318,Plantronics Savi W710,Sprzęt RTV;Audio;Słuchawki,553.0
318,1319,HTC HS-S200,Telefony i akcesoria;Akcesoria telefoniczne;Zestawy słuchawkowe,14.99
